[
  {
    "cn": "new",
    "name": "new version",
    "desc": [
      "• Tripweb Apps is release!",
      "• we provide various apps here, there are fronted/menu and backend/api apps, you can use it for free 100% without limits"
    ]
  },
  {
    "cn": "v1",
    "name": "Version 1",
    "desc": [
      "• Tripweb Apps is release!",
      "• we provide various apps here, there are fronted/menu and backend/api apps, you can use it for free 100% without limits"
    ]
  }
]