{
  "index": [
    {
      "name": "My Portofolio",
      "description": "portofolio of contributors to this website",
      "path": "portofolio/"
    },
    {
      "name": "Tools Apps",
      "description": "provides simple static features",
      "path": "apps/"
    },
    {
      "name": "Free Apis",
      "description": "provide Api-Url in Json output form",
      "path": "apis/"
    },
    {
      "name": "Side Project",
      "description": "side projects, sometimes also big projects that Beta is here",
      "path": "side/"
    },
    {
      "name": "Tripweb parts",
      "description": "info, changelog, pat, etc. are here",
      "path": "part/"
    }
  ],
  "portf": [
    {
      "name": "Tripodencok",
      "description": "lazy to fill in the description",
      "path": "portofolio/tripodencok"
    },
    {
      "name": "harjoputra",
      "description": "I haven't given the admin access to edit my website",
      "path": "portofolio/harjoputra"
    }
  ],
  "apps": [
    {
      "name": "base64 text",
      "description": "encode and decode languages to base64 and vice versa",
      "mbt": false,
      "subapps": [
        {
          "name": "encode",
          "type": "static menu",
          "status": "",
          "path": "apps/base64/encodemenu"
        },
        {
          "name": "decode",
          "type": "static menu",
          "status": "",
          "path": "apps/base64/decodemenu"
        }
      ]
    },
    {
      "name": "base32 text",
      "description": "encode and decode languages to base32 and vice versa",
      "mbt": false,
      "subapps": [
        {
          "name": "encode",
          "type": "static menu",
          "status": "",
          "path": "apps/base32/encodemenu"
        },
        {
          "name": "decode",
          "type": "static menu",
          "status": "",
          "path": "apps/base32/decodemenu"
        }
      ]
    },
    {
      "name": "base16 text",
      "description": "encode and decode languages to base16 and vice versa",
      "mbt": false,
      "subapps": [
        {
          "name": "encode",
          "type": "static menu",
          "status": "",
          "path": "apps/base16/encodemenu"
        },
        {
          "name": "decode",
          "type": "static menu",
          "status": "",
          "path": "apps/base16/decodemenu"
        }
      ]
    },
    {
      "name": "tripweb text converter",
      "description": "encode and decode languages to tripweb txtconv and vice versa",
      "mbt": true,
      "subapps": [
        {
          "name": "encode",
          "type": "static menu",
          "status": "soon",
          "path": "library/cantvisit?type=app-cs"
        },
        {
          "name": "decode",
          "type": "static menu",
          "status": "soon",
          "path": "library/cantvisit?type=app-cs"
        }
      ]
    },
    {
      "name": "hash SHA256",
      "description": "converts text to SHA256 hash",
      "mbt": false,
      "subapps": [
        {
          "name": "converter",
          "type": "static menu",
          "status": "",
          "path": "apps/hashsha256/cthash"
        },
        {
          "name": "similarity check",
          "type": "static menu",
          "status": "",
          "path": "apps/hashsha256/compatibilitytest"
        }
      ]
    },
    {
      "name": "discord webhook",
      "description": "interacting on discord webhooks",
      "mbt": false,
      "subapps": [
        {
          "name": "send plaintext",
          "type": "dynamic menu",
          "status": "",
          "path": "apps/discordwebhook/plaintext"
        },
        {
          "name": "send embed",
          "type": "dynamic menu",
          "status": "",
          "path": "apps/discordwebhook/embed"
        }
      ]
    },
    {
      "name": "random sentence generator",
      "description": "generate a random sentence",
      "mbt": false,
      "subapps": [
        {
          "name": "random text",
          "type": "static menu",
          "status": "",
          "path": "apps/rdmsgenerator/mrtextg"
        },
        {
          "name": "random number",
          "type": "static menu",
          "status": "",
          "path": "apps/rdmsgenerator/mrnumberg"
        },
        {
          "name": "random password",
          "type": "static menu",
          "status": "",
          "path": "apps/rdmsgenerator/mrpwg"
        },
        {
          "name": "random subtext",
          "type": "static menu",
          "status": "",
          "path": "apps/rdmsgenerator/mrsubtextg"
        }
      ]
    },
    {
      "name": "GitHub profile",
      "description": "find the profile of the nickname you are looking for",
      "mbt": false,
      "subapps": [
        {
          "name": "found search",
          "type": "dynamic menu",
          "status": "",
          "path": "apps/githubprofile/found"
        },
        {
          "name": "fetch link",
          "type": "dynamic menu",
          "status": "soon",
          "path": "apps/githubprofile/fetchlink"
        },
        {
          "name": "founder search",
          "type": "dynamic menu",
          "status": "",
          "path": "apps/githubprofile/founder"
        }
      ]
    },
    {
      "name": "mcpe manifest.json generator",
      "description": "create manifest.json for mcpe",
      "mbt": false,
      "subapps": [
        {
          "name": "resource pack",
          "type": "static menu",
          "status": "soon",
          "path": "library/cantvisit?type=app-cs"
        },
        {
          "name": "behavior pack",
          "type": "static menu",
          "status": "soon",
          "path": "library/cantvisit?type=app-cs"
        }
      ]
    },
    {
      "name": "Minecraft server status",
      "description": "check Minecraft Java/bedrock server status",
      "mbt": false,
      "subapps": [
        {
          "name": "mcpe/bedrock",
          "type": "dynamic menu",
          "status": "soon",
          "path": "library/cantvisit?type=app-cs"
        },
        {
          "name": "mcje/java",
          "type": "dynamic menu",
          "status": "soon",
          "path": "library/cantvisit?type=app-cs"
        }
      ]
    },
    {
      "name": "Minecraft skin renderer",
      "description": "render Minecraft skins from raw/image/img to 3D (must be valid images)",
      "mbt": false,
      "subapps": [
        {
          "name": "import image",
          "type": "static menu",
          "status": "soon",
          "path": "library/cantvisit?type=app-cs"
        },
        {
          "name": "url image",
          "type": "static menu",
          "status": "soon",
          "path": "library/cantvisit?type=app-cs"
        },
        {
          "name": "url image v2",
          "type": "dynamic menu",
          "status": "soon",
          "path": "library/cantvisit?type=app-cs"
        }
      ]
    },
    {
      "name": "time",
      "description": "In essence, the features here are related to time.",
      "mbt": false,
      "subapps": [
        {
          "name": "stopwatch",
          "type": "static menu",
          "status": "soon",
          "path": "library/cantvisit?type=app-cs"
        },
        {
          "name": "countdown timer",
          "type": "static menu",
          "status": "soon",
          "path": "library/cantvisit?type=app-cs"
        },
        {
          "name": "all time GMT",
          "type": "dynamic menu",
          "status": "soon",
          "path": "library/cantvisit?type=app-cs"
        },
        {
          "name": "CPS test",
          "type": "static menu",
          "status": "soon",
          "path": "library/cantvisit?type=app-cs"
        }
      ]
    },
    {
      "name": "your IP",
      "description": "tell information from your IP",
      "mbt": false,
      "subapps": [
        {
          "name": "your IP/ipfy",
          "type": "dynamic menu",
          "status": "",
          "path": "apps/yourip/ipfy"
        },
        {
          "name": "more info/ipwho",
          "type": "dynamic menu",
          "status": "",
          "path": "apps/yourip/ipwho"
        }
      ]
    },
    {
      "name": "code editor",
      "description": "help you create/change code",
      "mbt": true,
      "subapps": [
        {
          "name": "fronted(html/css/JS)",
          "type": "dynamic menu",
          "status": "soon",
          "path": "apps/codeditor/fronted"
        },
        {
          "name": "php",
          "type": "dynamic menu",
          "status": "soon",
          "path": "apps/codeditor/php"
        },
        {
          "name": "json",
          "type": "dynamic menu",
          "status": "beta",
          "path": "apps/codeditor/json"
        }
      ]
    },
    {
      "name": "json editor",
      "description": "edit your json",
      "mbt": false,
      "subapps": [
        {
          "name": "valid checker",
          "type": "static menu",
          "status": "",
          "path": "apps/jsoneditor/validchecker"
        },
        {
          "name": "shorten lines",
          "type": "static menu",
          "status": "",
          "path": "apps/jsoneditor/shortlines"
        },
        {
          "name": "neat lines",
          "type": "static menu",
          "status": "",
          "path": "apps/jsoneditor/neatlines"
        }
      ]
    },
    {
      "name": "text mini studio",
      "description": "mini studio for your text",
      "mbt": true,
      "subapps": [
        {
          "name": "text editor",
          "type": "static menu",
          "status": "",
          "path": "apps/textmstudio/editor"
        },
        {
          "name": "text viewer",
          "type": "static menu",
          "status": "soon",
          "path": "apps/textmstudio/viewer"
        },
        {
          "name": "plaintext analyzer",
          "type": "static menu",
          "status": "soon",
          "path": "apps/textmstudio/pt_analyzer"
        }
      ]
    },
    {
      "name": "Instagram account info",
      "description": "provide information from the fetched Instagram account",
      "mbt": false,
      "subapps": [
        {
          "name": "search account",
          "type": "dynamic menu",
          "status": "soon",
          "path": "library/cantvisit?type=app-cs"
        },
        {
          "name": "fetch link",
          "type": "dynamic menu",
          "status": "soon",
          "path": "library/cantvisit?type=app-cs"
        }
      ]
    },
    {
      "name": "facebook account info",
      "description": "provide information from the fetched facebook account",
      "mbt": false,
      "subapps": [
        {
          "name": "search account",
          "type": "dynamic menu",
          "status": "soon",
          "path": "library/cantvisit?type=app-cs"
        },
        {
          "name": "fetch link",
          "type": "dynamic menu",
          "status": "soon",
          "path": "library/cantvisit?type=app-cs"
        }
      ]
    },
    {
      "name": "youtube account info",
      "description": "provide information from the fetched youtube account",
      "mbt": false,
      "subapps": [
        {
          "name": "search account",
          "type": "dynamic menu",
          "status": "soon",
          "path": "library/cantvisit?type=app-cs"
        },
        {
          "name": "fetch link",
          "type": "dynamic menu",
          "status": "soon",
          "path": "library/cantvisit?type=app-cs"
        }
      ]
    },
    {
      "name": "tiktok account info",
      "description": "provide information from the fetched tiktok account",
      "mbt": false,
      "subapps": [
        {
          "name": "search account",
          "type": "dynamic menu",
          "status": "soon",
          "path": "library/cantvisit?type=app-cs"
        },
        {
          "name": "fetch link",
          "type": "dynamic menu",
          "status": "soon",
          "path": "library/cantvisit?type=app-cs"
        }
      ]
    },
    {
      "name": "spotify account info",
      "description": "provide information from the fetched spotify account",
      "mbt": false,
      "subapps": [
        {
          "name": "search account",
          "type": "dynamic menu",
          "status": "soon",
          "path": "library/cantvisit?type=app-cs"
        },
        {
          "name": "fetch link",
          "type": "dynamic menu",
          "status": "soon",
          "path": "library/cantvisit?type=app-cs"
        }
      ]
    },
    {
      "name": "text to barcode",
      "description": "turn text into a barcode",
      "mbt": false,
      "subapps": [
        {
          "name": "generator",
          "type": "static menu",
          "status": "",
          "path": "apps/t2barcode/menu"
        }
      ]
    },
    {
      "name": "SRC Get",
      "description": "take source code from any website",
      "mbt": false,
      "subapps": [
        {
          "name": "Get by Tripweb",
          "type": "dynamic menu",
          "status": "soon",
          "path": "library/cantvisit?type=app-cs"
        },
        {
          "name": "cURL",
          "type": "dynamic menu",
          "status": "soon",
          "path": "library/cantvisit?type=app-cs"
        }
      ]
    }
  ],
  "apis": [
    {
      "name": "base64 text",
      "description": "encode and decode languages to base64 and vice versa",
      "mbt": false,
      "subapps": [
        {
          "name": "encode",
          "type": "api generator",
          "status": "",
          "path": "apis/base64/encodeapig"
        },
        {
          "name": "decode",
          "type": "api generator",
          "status": "",
          "path": "apis/base64/decodeapig"
        }
      ]
    },
    {
      "name": "base32 text",
      "description": "encode and decode languages to base32 and vice versa",
      "mbt": false,
      "subapps": [
        {
          "name": "encode",
          "type": "api generator",
          "status": "",
          "path": "apis/base32/encodeapig"
        },
        {
          "name": "decode",
          "type": "api generator",
          "status": "",
          "path": "apis/base32/decodeapig"
        }
      ]
    },
    {
      "name": "base16 text",
      "description": "encode and decode languages to base16 and vice versa",
      "mbt": false,
      "subapps": [
        {
          "name": "encode",
          "type": "api generator",
          "status": "",
          "path": "apis/base16/encodeapig"
        },
        {
          "name": "decode",
          "type": "api generator",
          "status": "",
          "path": "apis/base16/decodeapig"
        }
      ]
    },
    {
      "name": "tripweb text converter",
      "description": "encode and decode languages to tripweb txtconv and vice versa",
      "mbt": true,
      "subapps": [
        {
          "name": "encode",
          "type": "api generator",
          "status": "soon",
          "path": "library/cantvisit?type=api-cs"
        },
        {
          "name": "decode",
          "type": "api generator",
          "status": "soon",
          "path": "library/cantvisit?type=api-cs"
        }
      ]
    },
    {
      "name": "hash SHA256",
      "description": "converts text to SHA256 hash",
      "mbt": false,
      "subapps": [
        {
          "name": "converter",
          "type": "api generator",
          "status": "",
          "path": "apis/hashsha256/aencg"
        },
        {
          "name": "similarity check",
          "type": "api generator",
          "status": "",
          "path": "apis/hashsha256/adecg"
        }
      ]
    },
    {
      "name": "random sentence generator",
      "description": "generate a random sentence",
      "mbt": false,
      "subapps": [
        {
          "name": "random text",
          "type": "api generator",
          "status": "soon",
          "path": "library/cantvisit?type=api-cs"
        },
        {
          "name": "random number",
          "type": "api generator",
          "status": "",
          "path": "apis/rdmsgenerator/numberag"
        },
        {
          "name": "random password",
          "type": "api generator",
          "status": "",
          "path": "apis/rdmsgenerator/pwag"
        },
        {
          "name": "random subtext",
          "type": "api generator",
          "status": "",
          "path": "apis/rdmsgenerator/subtextag"
        }
      ]
    },
    {
      "name": "GitHub profile",
      "description": "find the profile of the nickname you are looking for",
      "mbt": false,
      "subapps": [
        {
          "name": "found api",
          "type": "api generator",
          "status": "",
          "path": "apis/githubprofile/foundag"
        },
        {
          "name": "fetch link",
          "type": "api generator",
          "status": "",
          "path": "apis/githubprofile/feliag"
        },
        {
          "name": "founder api",
          "type": "api generator",
          "status": "",
          "path": "apis/githubprofile/founderag"
        }
      ]
    },
    {
      "name": "mcpe manifest.json generator",
      "description": "create manifest.json for mcpe",
      "mbt": false,
      "subapps": [
        {
          "name": "resource pack",
          "type": "api generator",
          "status": "soon",
          "path": "library/cantvisit?type=api-cs"
        },
        {
          "name": "behavior pack",
          "type": "api generator",
          "status": "soon",
          "path": "library/cantvisit?type=api-cs"
        }
      ]
    },
    {
      "name": "Minecraft server status",
      "description": "check Minecraft Java/bedrock server status",
      "mbt": false,
      "subapps": [
        {
          "name": "mcpe/bedrock",
          "type": "api generator",
          "status": "soon",
          "path": "library/cantvisit?type=api-cs"
        },
        {
          "name": "mcje/java",
          "type": "api generator",
          "status": "soon",
          "path": "library/cantvisit?type=api-cs"
        }
      ]
    },
    {
      "name": "web code get",
      "description": "view and download source code from the url you provide using a bot",
      "mbt": true,
      "subapps": [
        {
          "name": "view",
          "type": "api generator",
          "status": "",
          "path": "apis/sourcode/view"
        },
        {
          "name": "download",
          "type": "api generator",
          "status": "",
          "path": "apis/sourcode/download"
        }
      ]
    },
    {
      "name": "web code cURL",
      "description": "view and download source code from the url you provide using curl",
      "mbt": false,
      "subapps": [
        {
          "name": "curl view",
          "type": "api generator",
          "status": "",
          "path": "apis/curl/cuview"
        },
        {
          "name": "curl download",
          "type": "api generator",
          "status": "",
          "path": "apis/curl/cudown"
        }
      ]
    },
    {
      "name": "Brat generator",
      "description": "make brat pictures/videos",
      "mbt": false,
      "subapps": [
        {
          "name": "image",
          "type": "api generator",
          "status": "",
          "path": "apis/brat/image"
        },
        {
          "name": "video",
          "type": "api generator",
          "status": "",
          "path": "apis/brat/video"
        }
      ]
    },
    {
      "name": "your IP",
      "description": "tell information from your IP",
      "mbt": false,
      "subapps": [
        {
          "name": "your IP/ipfy",
          "type": "redirect",
          "status": "",
          "path": "apis/yourip/ipfy"
        },
        {
          "name": "more info/ipwho",
          "type": "redirect",
          "status": "",
          "path": "apis/yourip/ipwhois"
        }
      ]
    },
    {
      "name": "Instagram account info",
      "description": "provide information from the fetched Instagram account",
      "mbt": false,
      "subapps": [
        {
          "name": "search api",
          "type": "api generator",
          "status": "soon",
          "path": "library/cantvisit?type=api-cs"
        },
        {
          "name": "fetch api",
          "type": "api generator",
          "status": "soon",
          "path": "library/cantvisit?type=api-cs"
        }
      ]
    },
    {
      "name": "facebook account info",
      "description": "provide information from the fetched facebook account",
      "mbt": false,
      "subapps": [
        {
          "name": "search api",
          "type": "api generator",
          "status": "soon",
          "path": "library/cantvisit?type=api-cs"
        },
        {
          "name": "fetch api",
          "type": "api generator",
          "status": "soon",
          "path": "library/cantvisit?type=api-cs"
        }
      ]
    },
    {
      "name": "youtube account info",
      "description": "provide information from the fetched youtube account",
      "mbt": false,
      "subapps": [
        {
          "name": "search api",
          "type": "api generator",
          "status": "soon",
          "path": "library/cantvisit?type=api-cs"
        },
        {
          "name": "fetch api",
          "type": "api generator",
          "status": "soon",
          "path": "library/cantvisit?type=api-cs"
        }
      ]
    },
    {
      "name": "tiktok account info",
      "description": "provide information from the fetched tiktok account",
      "mbt": false,
      "subapps": [
        {
          "name": "search api",
          "type": "api generator",
          "status": "soon",
          "path": "library/cantvisit?type=api-cs"
        },
        {
          "name": "fetch api",
          "type": "api generator",
          "status": "soon",
          "path": "library/cantvisit?type=api-cs"
        }
      ]
    },
    {
      "name": "spotify account info",
      "description": "provide information from the fetched spotify account",
      "mbt": false,
      "subapps": [
        {
          "name": "search api",
          "type": "api generator",
          "status": "soon",
          "path": "library/cantvisit?type=api-cs"
        },
        {
          "name": "fetch api",
          "type": "api generator",
          "status": "soon",
          "path": "library/cantvisit?type=api-cs"
        }
      ]
    },
    {
      "name": "text to barcode",
      "description": "turn text into a barcode",
      "mbt": false,
      "subapps": [
        {
          "name": "api",
          "type": "api generator",
          "status": "",
          "path": "apis/t2barcode/ag"
        }
      ]
    },
    {
      "name": "media downloader",
      "description": "download media by entering the URL",
      "mbt": false,
      "subapps": [
        {
          "name": "Instagram dl",
          "type": "api generator",
          "status": "soon",
          "path": "library/cantvisit?type=api-cs"
        },
        {
          "name": "Facebook dl",
          "type": "api generator",
          "status": "soon",
          "path": "library/cantvisit?type=api-cs"
        },
        {
          "name": "terabox dl",
          "type": "api generator",
          "status": "soon",
          "path": "library/cantvisit?type=api-cs"
        },
        {
          "name": "Spotify dl",
          "type": "api generator",
          "status": "soon",
          "path": "library/cantvisit?type=api-cs"
        },
        {
          "name": "threads dl",
          "type": "api generator",
          "status": "soon",
          "path": "library/cantvisit?type=api-cs"
        },
        {
          "name": "tiktok dl",
          "type": "api generator",
          "status": "soon",
          "path": "library/cantvisit?type=api-cs"
        },
        {
          "name": "Twitter dl",
          "type": "api generator",
          "status": "soon",
          "path": "library/cantvisit?type=api-cs"
        },
        {
          "name": "youtube mp4 dl",
          "type": "api generator",
          "status": "soon",
          "path": "library/cantvisit?type=api-cs"
        },
        {
          "name": "youtube mp3 dl",
          "type": "api generator",
          "status": "soon",
          "path": "library/cantvisit?type=api-cs"
        }
      ]
    }
  ],
  "side": [
    {
      "name": "Url to tb64",
      "description": "change your link to a tripweb link but still redirect to the main url, 100% free",
      "path": "side/base64obfl/generate"
    },
    {
      "name": "text nou generate",
      "description": "a plain dark html containing text that you can customize (not if it's too long)",
      "path": "side/tripwebhnoug/generate"
    },
    {
      "name": "plain img generator",
      "description": "create an image from text that you can customize (it doesn't seem to work if it's too long)",
      "path": "side/pimgg/generate"
    }
  ],
  "part": [
    {
      "name": "Tripweb Changelog",
      "description": "all changelogs from Tripweb from oldest to newest",
      "path": "part/changelog"
    },
    {
      "name": "About Tripweb/Creator",
      "description": "about Tripweb and its lazy creator",
      "path": "part/about"
    },
    {
      "name": "Info",
      "description": "I forgot what this function is, but I will fill it in later",
      "path": "part/info"
    },
    {
      "name": "PAT",
      "description": "privacy from you to tripweb and usage from you to tripweb and vice versa",
      "path": "part/pat"
    },
    {
      "name": "Link",
      "description": "All links related to or outside Tripweb, yes, in essence, the links are owned by the creator",
      "path": "part/link"
    }
  ]
}
